{
  "schemaVersion": "3.0.0",
  "nextcladeAlgoVersion": "3.2.1",
  "createdAt": "2024-05-21T19:47:19.667744461+00:00",
  "cladeNodeAttrKeys": [
    {
      "name": "Nextclade_pango",
      "displayName": "Pango lineage (Nextclade)",
      "description": "Pango lineage as inferred by Nextclade from the nearest neighbour in the reference tree. 98% accurate for recent sequences, for higher accuracy use dedicated pangolin software in UShER or pangoLEARN mode. Recombinants may get (wrongly) assigned to a designated recombinant lineage if they have similar breakpoints.",
      "hideInWeb": false
    },
    {
      "name": "partiallyAliased",
      "displayName": "Unaliased",
      "description": "Partially aliased reconstructed Pango lineage",
      "hideInWeb": true
    },
    {
      "name": "clade_nextstrain",
      "displayName": "Nextstrain Clade",
      "description": "Nextstrain Clade",
      "hideInWeb": true
    },
    {
      "name": "clade_who",
      "displayName": "WHO name",
      "description": "Greek letter WHO name",
      "hideInWeb": false
    },
    {
      "name": "clade_display",
      "displayName": "Clade display name",
      "description": "Combination of Nextstrain clade and Pango lineage",
      "hideInWeb": true
    }
  ],
  "phenotypeAttrKeys": [],
  "results": [
    {
      "index": 0,
      "seqName": "COV07735 MN908947.3",
      "substitutions": [
        {
          "pos": 240,
          "refNuc": "C",
          "qryNuc": "T"
        },
        {
          "pos": 912,
          "refNuc": "C",
          "qryNuc": "T"
        },
        {
          "pos": 2109,
          "refNuc": "C",
          "qryNuc": "T"
        },
        {
          "pos": 3036,
          "refNuc": "C",
          "qryNuc": "T"
        },
        {
          "pos": 3266,
          "refNuc": "C",
          "qryNuc": "T"
        },
        {
          "pos": 5387,
          "refNuc": "C",
          "qryNuc": "A"
        },
        {
          "pos": 5985,
          "refNuc": "C",
          "qryNuc": "T"
        },
        {
          "pos": 6953,
          "refNuc": "T",
          "qryNuc": "C"
        },
        {
          "pos": 7983,
          "refNuc": "T",
          "qryNuc": "C"
        },
        {
          "pos": 14119,
          "refNuc": "C",
          "qryNuc": "T"
        },
        {
          "pos": 14407,
          "refNuc": "C",
          "qryNuc": "T"
        },
        {
          "pos": 14675,
          "refNuc": "C",
          "qryNuc": "T"
        },
        {
          "pos": 15278,
          "refNuc": "C",
          "qryNuc": "T"
        },
        {
          "pos": 16175,
          "refNuc": "T",
          "qryNuc": "C"
        },
        {
          "pos": 19389,
          "refNuc": "C",
          "qryNuc": "T"
        },
        {
          "pos": 23062,
          "refNuc": "A",
          "qryNuc": "T"
        },
        {
          "pos": 23270,
          "refNuc": "C",
          "qryNuc": "A"
        },
        {
          "pos": 23402,
          "refNuc": "A",
          "qryNuc": "G"
        },
        {
          "pos": 23603,
          "refNuc": "C",
          "qryNuc": "A"
        },
        {
          "pos": 23708,
          "refNuc": "C",
          "qryNuc": "T"
        },
        {
          "pos": 24505,
          "refNuc": "T",
          "qryNuc": "G"
        },
        {
          "pos": 24913,
          "refNuc": "G",
          "qryNuc": "C"
        },
        {
          "pos": 27803,
          "refNuc": "C",
          "qryNuc": "T"
        },
        {
          "pos": 28110,
          "refNuc": "A",
          "qryNuc": "G"
        },
        {
          "pos": 28279,
          "refNuc": "G",
          "qryNuc": "C"
        },
        {
          "pos": 28280,
          "refNuc": "A",
          "qryNuc": "T"
        },
        {
          "pos": 28281,
          "refNuc": "T",
          "qryNuc": "A"
        },
        {
          "pos": 28880,
          "refNuc": "G",
          "qryNuc": "A"
        },
        {
          "pos": 28881,
          "refNuc": "G",
          "qryNuc": "A"
        },
        {
          "pos": 28882,
          "refNuc": "G",
          "qryNuc": "C"
        },
        {
          "pos": 28976,
          "refNuc": "C",
          "qryNuc": "T"
        }
      ],
      "totalSubstitutions": 31,
      "deletions": [
        {
          "range": {
            "begin": 11287,
            "end": 11296
          }
        },
        {
          "range": {
            "begin": 21764,
            "end": 21770
          }
        },
        {
          "range": {
            "begin": 21991,
            "end": 21994
          }
        },
        {
          "range": {
            "begin": 28270,
            "end": 28271
          }
        }
      ],
      "totalDeletions": 19,
      "insertions": [],
      "totalInsertions": 0,
      "missing": [
        {
          "range": {
            "begin": 0,
            "end": 54
          },
          "character": "N"
        },
        {
          "range": {
            "begin": 7671,
            "end": 7968
          },
          "character": "N"
        },
        {
          "range": {
            "begin": 11073,
            "end": 11075
          },
          "character": "N"
        },
        {
          "range": {
            "begin": 22324,
            "end": 22542
          },
          "character": "N"
        },
        {
          "range": {
            "begin": 27825,
            "end": 28104
          },
          "character": "N"
        },
        {
          "range": {
            "begin": 29836,
            "end": 29903
          },
          "character": "N"
        }
      ],
      "totalMissing": 917,
      "nonACGTNs": [],
      "totalNonACGTNs": 0,
      "nucleotideComposition": {
        "T": 9308,
        "A": 8645,
        "C": 5305,
        "G": 5709,
        "N": 917,
        "-": 19
      },
      "frameShifts": [],
      "totalFrameShifts": 0,
      "aaSubstitutions": [
        {
          "cdsName": "N",
          "pos": 2,
          "refAa": "D",
          "qryAa": "L"
        },
        {
          "cdsName": "N",
          "pos": 202,
          "refAa": "R",
          "qryAa": "K"
        },
        {
          "cdsName": "N",
          "pos": 203,
          "refAa": "G",
          "qryAa": "R"
        },
        {
          "cdsName": "N",
          "pos": 234,
          "refAa": "S",
          "qryAa": "F"
        },
        {
          "cdsName": "ORF1a",
          "pos": 1000,
          "refAa": "T",
          "qryAa": "I"
        },
        {
          "cdsName": "ORF1a",
          "pos": 1707,
          "refAa": "A",
          "qryAa": "D"
        },
        {
          "cdsName": "ORF1a",
          "pos": 2229,
          "refAa": "I",
          "qryAa": "T"
        },
        {
          "cdsName": "ORF1b",
          "pos": 217,
          "refAa": "P",
          "qryAa": "L"
        },
        {
          "cdsName": "ORF1b",
          "pos": 313,
          "refAa": "P",
          "qryAa": "L"
        },
        {
          "cdsName": "ORF1b",
          "pos": 1974,
          "refAa": "P",
          "qryAa": "S"
        },
        {
          "cdsName": "ORF8",
          "pos": 72,
          "refAa": "Y",
          "qryAa": "C"
        },
        {
          "cdsName": "S",
          "pos": 500,
          "refAa": "N",
          "qryAa": "Y"
        },
        {
          "cdsName": "S",
          "pos": 569,
          "refAa": "A",
          "qryAa": "D"
        },
        {
          "cdsName": "S",
          "pos": 613,
          "refAa": "D",
          "qryAa": "G"
        },
        {
          "cdsName": "S",
          "pos": 680,
          "refAa": "P",
          "qryAa": "H"
        },
        {
          "cdsName": "S",
          "pos": 715,
          "refAa": "T",
          "qryAa": "I"
        },
        {
          "cdsName": "S",
          "pos": 981,
          "refAa": "S",
          "qryAa": "A"
        },
        {
          "cdsName": "S",
          "pos": 1117,
          "refAa": "D",
          "qryAa": "H"
        }
      ],
      "totalAminoacidSubstitutions": 18,
      "aaDeletions": [
        {
          "cdsName": "ORF1a",
          "pos": 3674,
          "refAa": "S"
        },
        {
          "cdsName": "ORF1a",
          "pos": 3675,
          "refAa": "G"
        },
        {
          "cdsName": "ORF1a",
          "pos": 3676,
          "refAa": "F"
        },
        {
          "cdsName": "S",
          "pos": 68,
          "refAa": "H"
        },
        {
          "cdsName": "S",
          "pos": 69,
          "refAa": "V"
        },
        {
          "cdsName": "S",
          "pos": 143,
          "refAa": "Y"
        }
      ],
      "totalAminoacidDeletions": 6,
      "aaInsertions": [],
      "totalAminoacidInsertions": 0,
      "unknownAaRanges": [
        {
          "cdsName": "ORF1a",
          "character": "X",
          "ranges": [
            {
              "range": {
                "begin": 2469,
                "end": 2568
              },
              "character": "X"
            },
            {
              "range": {
                "begin": 3602,
                "end": 3604
              },
              "character": "X"
            }
          ],
          "length": 101
        },
        {
          "cdsName": "S",
          "character": "X",
          "ranges": [
            {
              "range": {
                "begin": 254,
                "end": 327
              },
              "character": "X"
            }
          ],
          "length": 73
        },
        {
          "cdsName": "ORF7b",
          "character": "X",
          "ranges": [
            {
              "range": {
                "begin": 23,
                "end": 44
              },
              "character": "X"
            }
          ],
          "length": 21
        },
        {
          "cdsName": "ORF8",
          "character": "X",
          "ranges": [
            {
              "range": {
                "begin": 0,
                "end": 71
              },
              "character": "X"
            }
          ],
          "length": 71
        }
      ],
      "totalUnknownAa": 266,
      "aaChangesGroups": [
        {
          "name": "ORF1a",
          "range": {
            "begin": 999,
            "end": 1002
          },
          "changes": [
            {
              "cdsName": "ORF1a",
              "pos": 999,
              "refAa": "T",
              "qryAa": "T",
              "nucPos": 3262,
              "refTriplet": "ACT",
              "qryTriplet": "ACT",
              "nucRanges": [
                {
                  "begin": 3262,
                  "end": 3265
                }
              ]
            },
            {
              "cdsName": "ORF1a",
              "pos": 1000,
              "refAa": "T",
              "qryAa": "I",
              "nucPos": 3265,
              "refTriplet": "ACT",
              "qryTriplet": "ATT",
              "nucRanges": [
                {
                  "begin": 3265,
                  "end": 3268
                }
              ]
            },
            {
              "cdsName": "ORF1a",
              "pos": 1001,
              "refAa": "I",
              "qryAa": "I",
              "nucPos": 3268,
              "refTriplet": "ATT",
              "qryTriplet": "ATT",
              "nucRanges": [
                {
                  "begin": 3268,
                  "end": 3271
                }
              ]
            }
          ],
          "nucSubs": [
            {
              "pos": 3266,
              "refNuc": "C",
              "qryNuc": "T"
            }
          ],
          "nucDels": []
        },
        {
          "name": "ORF1a",
          "range": {
            "begin": 1706,
            "end": 1709
          },
          "changes": [
            {
              "cdsName": "ORF1a",
              "pos": 1706,
              "refAa": "A",
              "qryAa": "A",
              "nucPos": 5383,
              "refTriplet": "GCT",
              "qryTriplet": "GCT",
              "nucRanges": [
                {
                  "begin": 5383,
                  "end": 5386
                }
              ]
            },
            {
              "cdsName": "ORF1a",
              "pos": 1707,
              "refAa": "A",
              "qryAa": "D",
              "nucPos": 5386,
              "refTriplet": "GCT",
              "qryTriplet": "GAT",
              "nucRanges": [
                {
                  "begin": 5386,
                  "end": 5389
                }
              ]
            },
            {
              "cdsName": "ORF1a",
              "pos": 1708,
              "refAa": "N",
              "qryAa": "N",
              "nucPos": 5389,
              "refTriplet": "AAC",
              "qryTriplet": "AAC",
              "nucRanges": [
                {
                  "begin": 5389,
                  "end": 5392
                }
              ]
            }
          ],
          "nucSubs": [
            {
              "pos": 5387,
              "refNuc": "C",
              "qryNuc": "A"
            }
          ],
          "nucDels": []
        },
        {
          "name": "ORF1a",
          "range": {
            "begin": 2228,
            "end": 2231
          },
          "changes": [
            {
              "cdsName": "ORF1a",
              "pos": 2228,
              "refAa": "I",
              "qryAa": "I",
              "nucPos": 6949,
              "refTriplet": "ATT",
              "qryTriplet": "ATT",
              "nucRanges": [
                {
                  "begin": 6949,
                  "end": 6952
                }
              ]
            },
            {
              "cdsName": "ORF1a",
              "pos": 2229,
              "refAa": "I",
              "qryAa": "T",
              "nucPos": 6952,
              "refTriplet": "ATA",
              "qryTriplet": "ACA",
              "nucRanges": [
                {
                  "begin": 6952,
                  "end": 6955
                }
              ]
            },
            {
              "cdsName": "ORF1a",
              "pos": 2230,
              "refAa": "I",
              "qryAa": "I",
              "nucPos": 6955,
              "refTriplet": "ATT",
              "qryTriplet": "ATT",
              "nucRanges": [
                {
                  "begin": 6955,
                  "end": 6958
                }
              ]
            }
          ],
          "nucSubs": [
            {
              "pos": 6953,
              "refNuc": "T",
              "qryNuc": "C"
            }
          ],
          "nucDels": []
        },
        {
          "name": "ORF1a",
          "range": {
            "begin": 3673,
            "end": 3678
          },
          "changes": [
            {
              "cdsName": "ORF1a",
              "pos": 3673,
              "refAa": "L",
              "qryAa": "L",
              "nucPos": 11284,
              "refTriplet": "TTG",
              "qryTriplet": "TTG",
              "nucRanges": [
                {
                  "begin": 11284,
                  "end": 11287
                }
              ]
            },
            {
              "cdsName": "ORF1a",
              "pos": 3674,
              "refAa": "S",
              "qryAa": "-",
              "nucPos": 11287,
              "refTriplet": "TCT",
              "qryTriplet": "---",
              "nucRanges": [
                {
                  "begin": 11287,
                  "end": 11290
                }
              ]
            },
            {
              "cdsName": "ORF1a",
              "pos": 3675,
              "refAa": "G",
              "qryAa": "-",
              "nucPos": 11290,
              "refTriplet": "GGT",
              "qryTriplet": "---",
              "nucRanges": [
                {
                  "begin": 11290,
                  "end": 11293
                }
              ]
            },
            {
              "cdsName": "ORF1a",
              "pos": 3676,
              "refAa": "F",
              "qryAa": "-",
              "nucPos": 11293,
              "refTriplet": "TTT",
              "qryTriplet": "---",
              "nucRanges": [
                {
                  "begin": 11293,
                  "end": 11296
                }
              ]
            },
            {
              "cdsName": "ORF1a",
              "pos": 3677,
              "refAa": "K",
              "qryAa": "K",
              "nucPos": 11296,
              "refTriplet": "AAG",
              "qryTriplet": "AAG",
              "nucRanges": [
                {
                  "begin": 11296,
                  "end": 11299
                }
              ]
            }
          ],
          "nucSubs": [],
          "nucDels": [
            {
              "range": {
                "begin": 11287,
                "end": 11296
              }
            }
          ]
        },
        {
          "name": "ORF1b",
          "range": {
            "begin": 216,
            "end": 219
          },
          "changes": [
            {
              "cdsName": "ORF1b",
              "pos": 216,
              "refAa": "T",
              "qryAa": "T",
              "nucPos": 14115,
              "refTriplet": "ACG",
              "qryTriplet": "ACG",
              "nucRanges": [
                {
                  "begin": 14115,
                  "end": 14118
                }
              ]
            },
            {
              "cdsName": "ORF1b",
              "pos": 217,
              "refAa": "P",
              "qryAa": "L",
              "nucPos": 14118,
              "refTriplet": "CCA",
              "qryTriplet": "CTA",
              "nucRanges": [
                {
                  "begin": 14118,
                  "end": 14121
                }
              ]
            },
            {
              "cdsName": "ORF1b",
              "pos": 218,
              "refAa": "G",
              "qryAa": "G",
              "nucPos": 14121,
              "refTriplet": "GGT",
              "qryTriplet": "GGT",
              "nucRanges": [
                {
                  "begin": 14121,
                  "end": 14124
                }
              ]
            }
          ],
          "nucSubs": [
            {
              "pos": 14119,
              "refNuc": "C",
              "qryNuc": "T"
            }
          ],
          "nucDels": []
        },
        {
          "name": "ORF1b",
          "range": {
            "begin": 312,
            "end": 315
          },
          "changes": [
            {
              "cdsName": "ORF1b",
              "pos": 312,
              "refAa": "P",
              "qryAa": "P",
              "nucPos": 14403,
              "refTriplet": "CCA",
              "qryTriplet": "CCA",
              "nucRanges": [
                {
                  "begin": 14403,
                  "end": 14406
                }
              ]
            },
            {
              "cdsName": "ORF1b",
              "pos": 313,
              "refAa": "P",
              "qryAa": "L",
              "nucPos": 14406,
              "refTriplet": "CCT",
              "qryTriplet": "CTT",
              "nucRanges": [
                {
                  "begin": 14406,
                  "end": 14409
                }
              ]
            },
            {
              "cdsName": "ORF1b",
              "pos": 314,
              "refAa": "T",
              "qryAa": "T",
              "nucPos": 14409,
              "refTriplet": "ACA",
              "qryTriplet": "ACA",
              "nucRanges": [
                {
                  "begin": 14409,
                  "end": 14412
                }
              ]
            }
          ],
          "nucSubs": [
            {
              "pos": 14407,
              "refNuc": "C",
              "qryNuc": "T"
            }
          ],
          "nucDels": []
        },
        {
          "name": "ORF1b",
          "range": {
            "begin": 1973,
            "end": 1976
          },
          "changes": [
            {
              "cdsName": "ORF1b",
              "pos": 1973,
              "refAa": "S",
              "qryAa": "S",
              "nucPos": 19386,
              "refTriplet": "AGT",
              "qryTriplet": "AGT",
              "nucRanges": [
                {
                  "begin": 19386,
                  "end": 19389
                }
              ]
            },
            {
              "cdsName": "ORF1b",
              "pos": 1974,
              "refAa": "P",
              "qryAa": "S",
              "nucPos": 19389,
              "refTriplet": "CCA",
              "qryTriplet": "TCA",
              "nucRanges": [
                {
                  "begin": 19389,
                  "end": 19392
                }
              ]
            },
            {
              "cdsName": "ORF1b",
              "pos": 1975,
              "refAa": "C",
              "qryAa": "C",
              "nucPos": 19392,
              "refTriplet": "TGT",
              "qryTriplet": "TGT",
              "nucRanges": [
                {
                  "begin": 19392,
                  "end": 19395
                }
              ]
            }
          ],
          "nucSubs": [
            {
              "pos": 19389,
              "refNuc": "C",
              "qryNuc": "T"
            }
          ],
          "nucDels": []
        },
        {
          "name": "S",
          "range": {
            "begin": 67,
            "end": 71
          },
          "changes": [
            {
              "cdsName": "S",
              "pos": 67,
              "refAa": "I",
              "qryAa": "I",
              "nucPos": 21763,
              "refTriplet": "ATA",
              "qryTriplet": "A--",
              "nucRanges": [
                {
                  "begin": 21763,
                  "end": 21766
                }
              ]
            },
            {
              "cdsName": "S",
              "pos": 68,
              "refAa": "H",
              "qryAa": "-",
              "nucPos": 21766,
              "refTriplet": "CAT",
              "qryTriplet": "---",
              "nucRanges": [
                {
                  "begin": 21766,
                  "end": 21769
                }
              ]
            },
            {
              "cdsName": "S",
              "pos": 69,
              "refAa": "V",
              "qryAa": "-",
              "nucPos": 21769,
              "refTriplet": "GTC",
              "qryTriplet": "-TC",
              "nucRanges": [
                {
                  "begin": 21769,
                  "end": 21772
                }
              ]
            },
            {
              "cdsName": "S",
              "pos": 70,
              "refAa": "S",
              "qryAa": "S",
              "nucPos": 21772,
              "refTriplet": "TCT",
              "qryTriplet": "TCT",
              "nucRanges": [
                {
                  "begin": 21772,
                  "end": 21775
                }
              ]
            }
          ],
          "nucSubs": [],
          "nucDels": [
            {
              "range": {
                "begin": 21764,
                "end": 21770
              }
            }
          ]
        },
        {
          "name": "S",
          "range": {
            "begin": 142,
            "end": 145
          },
          "changes": [
            {
              "cdsName": "S",
              "pos": 142,
              "refAa": "V",
              "qryAa": "V",
              "nucPos": 21988,
              "refTriplet": "GTT",
              "qryTriplet": "GTT",
              "nucRanges": [
                {
                  "begin": 21988,
                  "end": 21991
                }
              ]
            },
            {
              "cdsName": "S",
              "pos": 143,
              "refAa": "Y",
              "qryAa": "-",
              "nucPos": 21991,
              "refTriplet": "TAT",
              "qryTriplet": "---",
              "nucRanges": [
                {
                  "begin": 21991,
                  "end": 21994
                }
              ]
            },
            {
              "cdsName": "S",
              "pos": 144,
              "refAa": "Y",
              "qryAa": "Y",
              "nucPos": 21994,
              "refTriplet": "TAC",
              "qryTriplet": "TAC",
              "nucRanges": [
                {
                  "begin": 21994,
                  "end": 21997
                }
              ]
            }
          ],
          "nucSubs": [],
          "nucDels": [
            {
              "range": {
                "begin": 21991,
                "end": 21994
              }
            }
          ]
        },
        {
          "name": "S",
          "range": {
            "begin": 499,
            "end": 502
          },
          "changes": [
            {
              "cdsName": "S",
              "pos": 499,
              "refAa": "T",
              "qryAa": "T",
              "nucPos": 23059,
              "refTriplet": "ACT",
              "qryTriplet": "ACT",
              "nucRanges": [
                {
                  "begin": 23059,
                  "end": 23062
                }
              ]
            },
            {
              "cdsName": "S",
              "pos": 500,
              "refAa": "N",
              "qryAa": "Y",
              "nucPos": 23062,
              "refTriplet": "AAT",
              "qryTriplet": "TAT",
              "nucRanges": [
                {
                  "begin": 23062,
                  "end": 23065
                }
              ]
            },
            {
              "cdsName": "S",
              "pos": 501,
              "refAa": "G",
              "qryAa": "G",
              "nucPos": 23065,
              "refTriplet": "GGT",
              "qryTriplet": "GGT",
              "nucRanges": [
                {
                  "begin": 23065,
                  "end": 23068
                }
              ]
            }
          ],
          "nucSubs": [
            {
              "pos": 23062,
              "refNuc": "A",
              "qryNuc": "T"
            }
          ],
          "nucDels": []
        },
        {
          "name": "S",
          "range": {
            "begin": 568,
            "end": 571
          },
          "changes": [
            {
              "cdsName": "S",
              "pos": 568,
              "refAa": "I",
              "qryAa": "I",
              "nucPos": 23266,
              "refTriplet": "ATT",
              "qryTriplet": "ATT",
              "nucRanges": [
                {
                  "begin": 23266,
                  "end": 23269
                }
              ]
            },
            {
              "cdsName": "S",
              "pos": 569,
              "refAa": "A",
              "qryAa": "D",
              "nucPos": 23269,
              "refTriplet": "GCT",
              "qryTriplet": "GAT",
              "nucRanges": [
                {
                  "begin": 23269,
                  "end": 23272
                }
              ]
            },
            {
              "cdsName": "S",
              "pos": 570,
              "refAa": "D",
              "qryAa": "D",
              "nucPos": 23272,
              "refTriplet": "GAC",
              "qryTriplet": "GAC",
              "nucRanges": [
                {
                  "begin": 23272,
                  "end": 23275
                }
              ]
            }
          ],
          "nucSubs": [
            {
              "pos": 23270,
              "refNuc": "C",
              "qryNuc": "A"
            }
          ],
          "nucDels": []
        },
        {
          "name": "S",
          "range": {
            "begin": 612,
            "end": 615
          },
          "changes": [
            {
              "cdsName": "S",
              "pos": 612,
              "refAa": "Q",
              "qryAa": "Q",
              "nucPos": 23398,
              "refTriplet": "CAG",
              "qryTriplet": "CAG",
              "nucRanges": [
                {
                  "begin": 23398,
                  "end": 23401
                }
              ]
            },
            {
              "cdsName": "S",
              "pos": 613,
              "refAa": "D",
              "qryAa": "G",
              "nucPos": 23401,
              "refTriplet": "GAT",
              "qryTriplet": "GGT",
              "nucRanges": [
                {
                  "begin": 23401,
                  "end": 23404
                }
              ]
            },
            {
              "cdsName": "S",
              "pos": 614,
              "refAa": "V",
              "qryAa": "V",
              "nucPos": 23404,
              "refTriplet": "GTT",
              "qryTriplet": "GTT",
              "nucRanges": [
                {
                  "begin": 23404,
                  "end": 23407
                }
              ]
            }
          ],
          "nucSubs": [
            {
              "pos": 23402,
              "refNuc": "A",
              "qryNuc": "G"
            }
          ],
          "nucDels": []
        },
        {
          "name": "S",
          "range": {
            "begin": 679,
            "end": 682
          },
          "changes": [
            {
              "cdsName": "S",
              "pos": 679,
              "refAa": "S",
              "qryAa": "S",
              "nucPos": 23599,
              "refTriplet": "TCT",
              "qryTriplet": "TCT",
              "nucRanges": [
                {
                  "begin": 23599,
                  "end": 23602
                }
              ]
            },
            {
              "cdsName": "S",
              "pos": 680,
              "refAa": "P",
              "qryAa": "H",
              "nucPos": 23602,
              "refTriplet": "CCT",
              "qryTriplet": "CAT",
              "nucRanges": [
                {
                  "begin": 23602,
                  "end": 23605
                }
              ]
            },
            {
              "cdsName": "S",
              "pos": 681,
              "refAa": "R",
              "qryAa": "R",
              "nucPos": 23605,
              "refTriplet": "CGG",
              "qryTriplet": "CGG",
              "nucRanges": [
                {
                  "begin": 23605,
                  "end": 23608
                }
              ]
            }
          ],
          "nucSubs": [
            {
              "pos": 23603,
              "refNuc": "C",
              "qryNuc": "A"
            }
          ],
          "nucDels": []
        },
        {
          "name": "S",
          "range": {
            "begin": 714,
            "end": 717
          },
          "changes": [
            {
              "cdsName": "S",
              "pos": 714,
              "refAa": "P",
              "qryAa": "P",
              "nucPos": 23704,
              "refTriplet": "CCC",
              "qryTriplet": "CCC",
              "nucRanges": [
                {
                  "begin": 23704,
                  "end": 23707
                }
              ]
            },
            {
              "cdsName": "S",
              "pos": 715,
              "refAa": "T",
              "qryAa": "I",
              "nucPos": 23707,
              "refTriplet": "ACA",
              "qryTriplet": "ATA",
              "nucRanges": [
                {
                  "begin": 23707,
                  "end": 23710
                }
              ]
            },
            {
              "cdsName": "S",
              "pos": 716,
              "refAa": "N",
              "qryAa": "N",
              "nucPos": 23710,
              "refTriplet": "AAT",
              "qryTriplet": "AAT",
              "nucRanges": [
                {
                  "begin": 23710,
                  "end": 23713
                }
              ]
            }
          ],
          "nucSubs": [
            {
              "pos": 23708,
              "refNuc": "C",
              "qryNuc": "T"
            }
          ],
          "nucDels": []
        },
        {
          "name": "S",
          "range": {
            "begin": 980,
            "end": 983
          },
          "changes": [
            {
              "cdsName": "S",
              "pos": 980,
              "refAa": "L",
              "qryAa": "L",
              "nucPos": 24502,
              "refTriplet": "CTT",
              "qryTriplet": "CTT",
              "nucRanges": [
                {
                  "begin": 24502,
                  "end": 24505
                }
              ]
            },
            {
              "cdsName": "S",
              "pos": 981,
              "refAa": "S",
              "qryAa": "A",
              "nucPos": 24505,
              "refTriplet": "TCA",
              "qryTriplet": "GCA",
              "nucRanges": [
                {
                  "begin": 24505,
                  "end": 24508
                }
              ]
            },
            {
              "cdsName": "S",
              "pos": 982,
              "refAa": "R",
              "qryAa": "R",
              "nucPos": 24508,
              "refTriplet": "CGT",
              "qryTriplet": "CGT",
              "nucRanges": [
                {
                  "begin": 24508,
                  "end": 24511
                }
              ]
            }
          ],
          "nucSubs": [
            {
              "pos": 24505,
              "refNuc": "T",
              "qryNuc": "G"
            }
          ],
          "nucDels": []
        },
        {
          "name": "S",
          "range": {
            "begin": 1116,
            "end": 1119
          },
          "changes": [
            {
              "cdsName": "S",
              "pos": 1116,
              "refAa": "T",
              "qryAa": "T",
              "nucPos": 24910,
              "refTriplet": "ACA",
              "qryTriplet": "ACA",
              "nucRanges": [
                {
                  "begin": 24910,
                  "end": 24913
                }
              ]
            },
            {
              "cdsName": "S",
              "pos": 1117,
              "refAa": "D",
              "qryAa": "H",
              "nucPos": 24913,
              "refTriplet": "GAC",
              "qryTriplet": "CAC",
              "nucRanges": [
                {
                  "begin": 24913,
                  "end": 24916
                }
              ]
            },
            {
              "cdsName": "S",
              "pos": 1118,
              "refAa": "N",
              "qryAa": "N",
              "nucPos": 24916,
              "refTriplet": "AAC",
              "qryTriplet": "AAC",
              "nucRanges": [
                {
                  "begin": 24916,
                  "end": 24919
                }
              ]
            }
          ],
          "nucSubs": [
            {
              "pos": 24913,
              "refNuc": "G",
              "qryNuc": "C"
            }
          ],
          "nucDels": []
        },
        {
          "name": "ORF8",
          "range": {
            "begin": 71,
            "end": 74
          },
          "changes": [
            {
              "cdsName": "ORF8",
              "pos": 71,
              "refAa": "Q",
              "qryAa": "Q",
              "nucPos": 28106,
              "refTriplet": "CAG",
              "qryTriplet": "CAG",
              "nucRanges": [
                {
                  "begin": 28106,
                  "end": 28109
                }
              ]
            },
            {
              "cdsName": "ORF8",
              "pos": 72,
              "refAa": "Y",
              "qryAa": "C",
              "nucPos": 28109,
              "refTriplet": "TAC",
              "qryTriplet": "TGC",
              "nucRanges": [
                {
                  "begin": 28109,
                  "end": 28112
                }
              ]
            },
            {
              "cdsName": "ORF8",
              "pos": 73,
              "refAa": "I",
              "qryAa": "I",
              "nucPos": 28112,
              "refTriplet": "ATC",
              "qryTriplet": "ATC",
              "nucRanges": [
                {
                  "begin": 28112,
                  "end": 28115
                }
              ]
            }
          ],
          "nucSubs": [
            {
              "pos": 28110,
              "refNuc": "A",
              "qryNuc": "G"
            }
          ],
          "nucDels": []
        },
        {
          "name": "N",
          "range": {
            "begin": 1,
            "end": 4
          },
          "changes": [
            {
              "cdsName": "N",
              "pos": 1,
              "refAa": "S",
              "qryAa": "S",
              "nucPos": 28276,
              "refTriplet": "TCT",
              "qryTriplet": "TCT",
              "nucRanges": [
                {
                  "begin": 28276,
                  "end": 28279
                }
              ]
            },
            {
              "cdsName": "N",
              "pos": 2,
              "refAa": "D",
              "qryAa": "L",
              "nucPos": 28279,
              "refTriplet": "GAT",
              "qryTriplet": "CTA",
              "nucRanges": [
                {
                  "begin": 28279,
                  "end": 28282
                }
              ]
            },
            {
              "cdsName": "N",
              "pos": 3,
              "refAa": "N",
              "qryAa": "N",
              "nucPos": 28282,
              "refTriplet": "AAT",
              "qryTriplet": "AAT",
              "nucRanges": [
                {
                  "begin": 28282,
                  "end": 28285
                }
              ]
            }
          ],
          "nucSubs": [
            {
              "pos": 28279,
              "refNuc": "G",
              "qryNuc": "C"
            },
            {
              "pos": 28280,
              "refNuc": "A",
              "qryNuc": "T"
            },
            {
              "pos": 28281,
              "refNuc": "T",
              "qryNuc": "A"
            }
          ],
          "nucDels": []
        },
        {
          "name": "N",
          "range": {
            "begin": 201,
            "end": 205
          },
          "changes": [
            {
              "cdsName": "N",
              "pos": 201,
              "refAa": "S",
              "qryAa": "S",
              "nucPos": 28876,
              "refTriplet": "AGT",
              "qryTriplet": "AGT",
              "nucRanges": [
                {
                  "begin": 28876,
                  "end": 28879
                }
              ]
            },
            {
              "cdsName": "N",
              "pos": 202,
              "refAa": "R",
              "qryAa": "K",
              "nucPos": 28879,
              "refTriplet": "AGG",
              "qryTriplet": "AAA",
              "nucRanges": [
                {
                  "begin": 28879,
                  "end": 28882
                }
              ]
            },
            {
              "cdsName": "N",
              "pos": 203,
              "refAa": "G",
              "qryAa": "R",
              "nucPos": 28882,
              "refTriplet": "GGA",
              "qryTriplet": "CGA",
              "nucRanges": [
                {
                  "begin": 28882,
                  "end": 28885
                }
              ]
            },
            {
              "cdsName": "N",
              "pos": 204,
              "refAa": "T",
              "qryAa": "T",
              "nucPos": 28885,
              "refTriplet": "ACT",
              "qryTriplet": "ACT",
              "nucRanges": [
                {
                  "begin": 28885,
                  "end": 28888
                }
              ]
            }
          ],
          "nucSubs": [
            {
              "pos": 28880,
              "refNuc": "G",
              "qryNuc": "A"
            },
            {
              "pos": 28881,
              "refNuc": "G",
              "qryNuc": "A"
            },
            {
              "pos": 28882,
              "refNuc": "G",
              "qryNuc": "C"
            }
          ],
          "nucDels": []
        },
        {
          "name": "N",
          "range": {
            "begin": 233,
            "end": 236
          },
          "changes": [
            {
              "cdsName": "N",
              "pos": 233,
              "refAa": "M",
              "qryAa": "M",
              "nucPos": 28972,
              "refTriplet": "ATG",
              "qryTriplet": "ATG",
              "nucRanges": [
                {
                  "begin": 28972,
                  "end": 28975
                }
              ]
            },
            {
              "cdsName": "N",
              "pos": 234,
              "refAa": "S",
              "qryAa": "F",
              "nucPos": 28975,
              "refTriplet": "TCT",
              "qryTriplet": "TTT",
              "nucRanges": [
                {
                  "begin": 28975,
                  "end": 28978
                }
              ]
            },
            {
              "cdsName": "N",
              "pos": 235,
              "refAa": "G",
              "qryAa": "G",
              "nucPos": 28978,
              "refTriplet": "GGT",
              "qryTriplet": "GGT",
              "nucRanges": [
                {
                  "begin": 28978,
                  "end": 28981
                }
              ]
            }
          ],
          "nucSubs": [
            {
              "pos": 28976,
              "refNuc": "C",
              "qryNuc": "T"
            }
          ],
          "nucDels": []
        }
      ],
      "nucToAaMuts": {
        "11287": [
          {
            "cdsName": "ORF1a",
            "pos": 3674,
            "refAa": "S",
            "qryAa": "-"
          }
        ],
        "11288": [
          {
            "cdsName": "ORF1a",
            "pos": 3674,
            "refAa": "S",
            "qryAa": "-"
          }
        ],
        "11289": [
          {
            "cdsName": "ORF1a",
            "pos": 3674,
            "refAa": "S",
            "qryAa": "-"
          }
        ],
        "11290": [
          {
            "cdsName": "ORF1a",
            "pos": 3675,
            "refAa": "G",
            "qryAa": "-"
          }
        ],
        "11291": [
          {
            "cdsName": "ORF1a",
            "pos": 3675,
            "refAa": "G",
            "qryAa": "-"
          }
        ],
        "11292": [
          {
            "cdsName": "ORF1a",
            "pos": 3675,
            "refAa": "G",
            "qryAa": "-"
          }
        ],
        "11293": [
          {
            "cdsName": "ORF1a",
            "pos": 3676,
            "refAa": "F",
            "qryAa": "-"
          }
        ],
        "11294": [
          {
            "cdsName": "ORF1a",
            "pos": 3676,
            "refAa": "F",
            "qryAa": "-"
          }
        ],
        "11295": [
          {
            "cdsName": "ORF1a",
            "pos": 3676,
            "refAa": "F",
            "qryAa": "-"
          }
        ],
        "14118": [
          {
            "cdsName": "ORF1b",
            "pos": 217,
            "refAa": "P",
            "qryAa": "L"
          }
        ],
        "14119": [
          {
            "cdsName": "ORF1b",
            "pos": 217,
            "refAa": "P",
            "qryAa": "L"
          }
        ],
        "14120": [
          {
            "cdsName": "ORF1b",
            "pos": 217,
            "refAa": "P",
            "qryAa": "L"
          }
        ],
        "14406": [
          {
            "cdsName": "ORF1b",
            "pos": 313,
            "refAa": "P",
            "qryAa": "L"
          }
        ],
        "14407": [
          {
            "cdsName": "ORF1b",
            "pos": 313,
            "refAa": "P",
            "qryAa": "L"
          }
        ],
        "14408": [
          {
            "cdsName": "ORF1b",
            "pos": 313,
            "refAa": "P",
            "qryAa": "L"
          }
        ],
        "19389": [
          {
            "cdsName": "ORF1b",
            "pos": 1974,
            "refAa": "P",
            "qryAa": "S"
          }
        ],
        "19390": [
          {
            "cdsName": "ORF1b",
            "pos": 1974,
            "refAa": "P",
            "qryAa": "S"
          }
        ],
        "19391": [
          {
            "cdsName": "ORF1b",
            "pos": 1974,
            "refAa": "P",
            "qryAa": "S"
          }
        ],
        "21766": [
          {
            "cdsName": "S",
            "pos": 68,
            "refAa": "H",
            "qryAa": "-"
          }
        ],
        "21767": [
          {
            "cdsName": "S",
            "pos": 68,
            "refAa": "H",
            "qryAa": "-"
          }
        ],
        "21768": [
          {
            "cdsName": "S",
            "pos": 68,
            "refAa": "H",
            "qryAa": "-"
          }
        ],
        "21769": [
          {
            "cdsName": "S",
            "pos": 69,
            "refAa": "V",
            "qryAa": "-"
          }
        ],
        "21770": [
          {
            "cdsName": "S",
            "pos": 69,
            "refAa": "V",
            "qryAa": "-"
          }
        ],
        "21771": [
          {
            "cdsName": "S",
            "pos": 69,
            "refAa": "V",
            "qryAa": "-"
          }
        ],
        "21991": [
          {
            "cdsName": "S",
            "pos": 143,
            "refAa": "Y",
            "qryAa": "-"
          }
        ],
        "21992": [
          {
            "cdsName": "S",
            "pos": 143,
            "refAa": "Y",
            "qryAa": "-"
          }
        ],
        "21993": [
          {
            "cdsName": "S",
            "pos": 143,
            "refAa": "Y",
            "qryAa": "-"
          }
        ],
        "23062": [
          {
            "cdsName": "S",
            "pos": 500,
            "refAa": "N",
            "qryAa": "Y"
          }
        ],
        "23063": [
          {
            "cdsName": "S",
            "pos": 500,
            "refAa": "N",
            "qryAa": "Y"
          }
        ],
        "23064": [
          {
            "cdsName": "S",
            "pos": 500,
            "refAa": "N",
            "qryAa": "Y"
          }
        ],
        "23269": [
          {
            "cdsName": "S",
            "pos": 569,
            "refAa": "A",
            "qryAa": "D"
          }
        ],
        "23270": [
          {
            "cdsName": "S",
            "pos": 569,
            "refAa": "A",
            "qryAa": "D"
          }
        ],
        "23271": [
          {
            "cdsName": "S",
            "pos": 569,
            "refAa": "A",
            "qryAa": "D"
          }
        ],
        "23401": [
          {
            "cdsName": "S",
            "pos": 613,
            "refAa": "D",
            "qryAa": "G"
          }
        ],
        "23402": [
          {
            "cdsName": "S",
            "pos": 613,
            "refAa": "D",
            "qryAa": "G"
          }
        ],
        "23403": [
          {
            "cdsName": "S",
            "pos": 613,
            "refAa": "D",
            "qryAa": "G"
          }
        ],
        "23602": [
          {
            "cdsName": "S",
            "pos": 680,
            "refAa": "P",
            "qryAa": "H"
          }
        ],
        "23603": [
          {
            "cdsName": "S",
            "pos": 680,
            "refAa": "P",
            "qryAa": "H"
          }
        ],
        "23604": [
          {
            "cdsName": "S",
            "pos": 680,
            "refAa": "P",
            "qryAa": "H"
          }
        ],
        "23707": [
          {
            "cdsName": "S",
            "pos": 715,
            "refAa": "T",
            "qryAa": "I"
          }
        ],
        "23708": [
          {
            "cdsName": "S",
            "pos": 715,
            "refAa": "T",
            "qryAa": "I"
          }
        ],
        "23709": [
          {
            "cdsName": "S",
            "pos": 715,
            "refAa": "T",
            "qryAa": "I"
          }
        ],
        "24505": [
          {
            "cdsName": "S",
            "pos": 981,
            "refAa": "S",
            "qryAa": "A"
          }
        ],
        "24506": [
          {
            "cdsName": "S",
            "pos": 981,
            "refAa": "S",
            "qryAa": "A"
          }
        ],
        "24507": [
          {
            "cdsName": "S",
            "pos": 981,
            "refAa": "S",
            "qryAa": "A"
          }
        ],
        "24913": [
          {
            "cdsName": "S",
            "pos": 1117,
            "refAa": "D",
            "qryAa": "H"
          }
        ],
        "24914": [
          {
            "cdsName": "S",
            "pos": 1117,
            "refAa": "D",
            "qryAa": "H"
          }
        ],
        "24915": [
          {
            "cdsName": "S",
            "pos": 1117,
            "refAa": "D",
            "qryAa": "H"
          }
        ],
        "28109": [
          {
            "cdsName": "ORF8",
            "pos": 72,
            "refAa": "Y",
            "qryAa": "C"
          }
        ],
        "28110": [
          {
            "cdsName": "ORF8",
            "pos": 72,
            "refAa": "Y",
            "qryAa": "C"
          }
        ],
        "28111": [
          {
            "cdsName": "ORF8",
            "pos": 72,
            "refAa": "Y",
            "qryAa": "C"
          }
        ],
        "28279": [
          {
            "cdsName": "N",
            "pos": 2,
            "refAa": "D",
            "qryAa": "L"
          }
        ],
        "28280": [
          {
            "cdsName": "N",
            "pos": 2,
            "refAa": "D",
            "qryAa": "L"
          }
        ],
        "28281": [
          {
            "cdsName": "N",
            "pos": 2,
            "refAa": "D",
            "qryAa": "L"
          }
        ],
        "28879": [
          {
            "cdsName": "N",
            "pos": 202,
            "refAa": "R",
            "qryAa": "K"
          }
        ],
        "28880": [
          {
            "cdsName": "N",
            "pos": 202,
            "refAa": "R",
            "qryAa": "K"
          }
        ],
        "28881": [
          {
            "cdsName": "N",
            "pos": 202,
            "refAa": "R",
            "qryAa": "K"
          }
        ],
        "28882": [
          {
            "cdsName": "N",
            "pos": 203,
            "refAa": "G",
            "qryAa": "R"
          }
        ],
        "28883": [
          {
            "cdsName": "N",
            "pos": 203,
            "refAa": "G",
            "qryAa": "R"
          }
        ],
        "28884": [
          {
            "cdsName": "N",
            "pos": 203,
            "refAa": "G",
            "qryAa": "R"
          }
        ],
        "28975": [
          {
            "cdsName": "N",
            "pos": 234,
            "refAa": "S",
            "qryAa": "F"
          }
        ],
        "28976": [
          {
            "cdsName": "N",
            "pos": 234,
            "refAa": "S",
            "qryAa": "F"
          }
        ],
        "28977": [
          {
            "cdsName": "N",
            "pos": 234,
            "refAa": "S",
            "qryAa": "F"
          }
        ],
        "3265": [
          {
            "cdsName": "ORF1a",
            "pos": 1000,
            "refAa": "T",
            "qryAa": "I"
          }
        ],
        "3266": [
          {
            "cdsName": "ORF1a",
            "pos": 1000,
            "refAa": "T",
            "qryAa": "I"
          }
        ],
        "3267": [
          {
            "cdsName": "ORF1a",
            "pos": 1000,
            "refAa": "T",
            "qryAa": "I"
          }
        ],
        "5386": [
          {
            "cdsName": "ORF1a",
            "pos": 1707,
            "refAa": "A",
            "qryAa": "D"
          }
        ],
        "5387": [
          {
            "cdsName": "ORF1a",
            "pos": 1707,
            "refAa": "A",
            "qryAa": "D"
          }
        ],
        "5388": [
          {
            "cdsName": "ORF1a",
            "pos": 1707,
            "refAa": "A",
            "qryAa": "D"
          }
        ],
        "6952": [
          {
            "cdsName": "ORF1a",
            "pos": 2229,
            "refAa": "I",
            "qryAa": "T"
          }
        ],
        "6953": [
          {
            "cdsName": "ORF1a",
            "pos": 2229,
            "refAa": "I",
            "qryAa": "T"
          }
        ],
        "6954": [
          {
            "cdsName": "ORF1a",
            "pos": 2229,
            "refAa": "I",
            "qryAa": "T"
          }
        ]
      },
      "alignmentRange": {
        "begin": 0,
        "end": 29903
      },
      "alignmentScore": 88583,
      "aaAlignmentRanges": {
        "E": [
          {
            "begin": 0,
            "end": 76
          }
        ],
        "M": [
          {
            "begin": 0,
            "end": 223
          }
        ],
        "N": [
          {
            "begin": 0,
            "end": 420
          }
        ],
        "ORF1a": [
          {
            "begin": 0,
            "end": 4401
          }
        ],
        "ORF1b": [
          {
            "begin": 0,
            "end": 2696
          }
        ],
        "ORF3a": [
          {
            "begin": 0,
            "end": 276
          }
        ],
        "ORF6": [
          {
            "begin": 0,
            "end": 62
          }
        ],
        "ORF7a": [
          {
            "begin": 0,
            "end": 122
          }
        ],
        "ORF7b": [
          {
            "begin": 0,
            "end": 44
          }
        ],
        "ORF8": [
          {
            "begin": 0,
            "end": 122
          }
        ],
        "ORF9b": [
          {
            "begin": 0,
            "end": 98
          }
        ],
        "S": [
          {
            "begin": 0,
            "end": 1274
          }
        ]
      },
      "aaUnsequencedRanges": {
        "E": [],
        "M": [],
        "N": [],
        "ORF1a": [],
        "ORF1b": [],
        "ORF3a": [],
        "ORF6": [],
        "ORF7a": [],
        "ORF7b": [],
        "ORF8": [],
        "ORF9b": [],
        "S": []
      },
      "pcrPrimerChanges": [],
      "totalPcrPrimerChanges": 0,
      "clade": "20I",
      "privateNucMutations": {
        "privateSubstitutions": [
          {
            "pos": 2109,
            "refNuc": "C",
            "qryNuc": "T"
          },
          {
            "pos": 7983,
            "refNuc": "T",
            "qryNuc": "C"
          },
          {
            "pos": 14119,
            "refNuc": "C",
            "qryNuc": "T"
          },
          {
            "pos": 19389,
            "refNuc": "C",
            "qryNuc": "T"
          },
          {
            "pos": 27803,
            "refNuc": "C",
            "qryNuc": "T"
          }
        ],
        "privateDeletions": [
          {
            "pos": 21764,
            "refNuc": "T"
          },
          {
            "pos": 28270,
            "refNuc": "A"
          }
        ],
        "reversionSubstitutions": [],
        "labeledSubstitutions": [
          {
            "substitution": {
              "pos": 2109,
              "refNuc": "C",
              "qryNuc": "T"
            },
            "labels": [
              "20I"
            ]
          },
          {
            "substitution": {
              "pos": 14119,
              "refNuc": "C",
              "qryNuc": "T"
            },
            "labels": [
              "20I"
            ]
          }
        ],
        "unlabeledSubstitutions": [
          {
            "pos": 7983,
            "refNuc": "T",
            "qryNuc": "C"
          },
          {
            "pos": 19389,
            "refNuc": "C",
            "qryNuc": "T"
          },
          {
            "pos": 27803,
            "refNuc": "C",
            "qryNuc": "T"
          }
        ],
        "totalPrivateSubstitutions": 5,
        "totalPrivateDeletions": 2,
        "totalReversionSubstitutions": 0,
        "totalLabeledSubstitutions": 2,
        "totalUnlabeledSubstitutions": 3
      },
      "privateAaMutations": {
        "E": {
          "privateSubstitutions": [],
          "privateDeletions": [],
          "reversionSubstitutions": [],
          "totalPrivateSubstitutions": 0,
          "totalPrivateDeletions": 0,
          "totalReversionSubstitutions": 0
        },
        "M": {
          "privateSubstitutions": [],
          "privateDeletions": [],
          "reversionSubstitutions": [],
          "totalPrivateSubstitutions": 0,
          "totalPrivateDeletions": 0,
          "totalReversionSubstitutions": 0
        },
        "N": {
          "privateSubstitutions": [],
          "privateDeletions": [],
          "reversionSubstitutions": [],
          "totalPrivateSubstitutions": 0,
          "totalPrivateDeletions": 0,
          "totalReversionSubstitutions": 0
        },
        "ORF1a": {
          "privateSubstitutions": [],
          "privateDeletions": [],
          "reversionSubstitutions": [],
          "totalPrivateSubstitutions": 0,
          "totalPrivateDeletions": 0,
          "totalReversionSubstitutions": 0
        },
        "ORF1b": {
          "privateSubstitutions": [
            {
              "cdsName": "ORF1b",
              "pos": 217,
              "refAa": "P",
              "qryAa": "L"
            },
            {
              "cdsName": "ORF1b",
              "pos": 1974,
              "refAa": "P",
              "qryAa": "S"
            }
          ],
          "privateDeletions": [],
          "reversionSubstitutions": [],
          "totalPrivateSubstitutions": 2,
          "totalPrivateDeletions": 0,
          "totalReversionSubstitutions": 0
        },
        "ORF3a": {
          "privateSubstitutions": [],
          "privateDeletions": [],
          "reversionSubstitutions": [],
          "totalPrivateSubstitutions": 0,
          "totalPrivateDeletions": 0,
          "totalReversionSubstitutions": 0
        },
        "ORF6": {
          "privateSubstitutions": [],
          "privateDeletions": [],
          "reversionSubstitutions": [],
          "totalPrivateSubstitutions": 0,
          "totalPrivateDeletions": 0,
          "totalReversionSubstitutions": 0
        },
        "ORF7a": {
          "privateSubstitutions": [],
          "privateDeletions": [],
          "reversionSubstitutions": [],
          "totalPrivateSubstitutions": 0,
          "totalPrivateDeletions": 0,
          "totalReversionSubstitutions": 0
        },
        "ORF7b": {
          "privateSubstitutions": [],
          "privateDeletions": [],
          "reversionSubstitutions": [],
          "totalPrivateSubstitutions": 0,
          "totalPrivateDeletions": 0,
          "totalReversionSubstitutions": 0
        },
        "ORF8": {
          "privateSubstitutions": [],
          "privateDeletions": [],
          "reversionSubstitutions": [],
          "totalPrivateSubstitutions": 0,
          "totalPrivateDeletions": 0,
          "totalReversionSubstitutions": 0
        },
        "ORF9b": {
          "privateSubstitutions": [],
          "privateDeletions": [],
          "reversionSubstitutions": [],
          "totalPrivateSubstitutions": 0,
          "totalPrivateDeletions": 0,
          "totalReversionSubstitutions": 0
        },
        "S": {
          "privateSubstitutions": [
            {
              "cdsName": "S",
              "pos": 144,
              "refAa": "-",
              "qryAa": "Y"
            }
          ],
          "privateDeletions": [
            {
              "cdsName": "S",
              "pos": 143,
              "refAa": "Y"
            }
          ],
          "reversionSubstitutions": [
            {
              "cdsName": "S",
              "pos": 144,
              "refAa": "-",
              "qryAa": "Y"
            }
          ],
          "totalPrivateSubstitutions": 1,
          "totalPrivateDeletions": 1,
          "totalReversionSubstitutions": 1
        }
      },
      "warnings": [],
      "missingCdses": [],
      "divergence": 33.0,
      "coverage": 0.9693341805170049,
      "qc": {
        "missingData": {
          "score": 22.85185185185185,
          "status": "good",
          "totalMissing": 917,
          "missingDataThreshold": 3000.0
        },
        "mixedSites": {
          "score": 0.0,
          "status": "good",
          "totalMixedSites": 0,
          "mixedSitesThreshold": 10
        },
        "privateMutations": {
          "score": 20.833333333333332,
          "status": "good",
          "numReversionSubstitutions": 0,
          "numLabeledSubstitutions": 2,
          "numUnlabeledSubstitutions": 3,
          "totalDeletionRanges": 2,
          "weightedTotal": 13.0,
          "excess": 5.0,
          "cutoff": 24.0
        },
        "snpClusters": {
          "score": 0.0,
          "status": "good",
          "totalSNPs": 0,
          "clusteredSNPs": []
        },
        "frameShifts": {
          "score": 0.0,
          "status": "good",
          "frameShifts": [],
          "totalFrameShifts": 0,
          "frameShiftsIgnored": [],
          "totalFrameShiftsIgnored": 0
        },
        "stopCodons": {
          "score": 0.0,
          "status": "good",
          "stopCodons": [],
          "totalStopCodons": 0,
          "stopCodonsIgnored": [],
          "totalStopCodonsIgnored": 0
        },
        "overallScore": 9.562349108367627,
        "overallStatus": "good"
      },
      "customNodeAttributes": {
        "Nextclade_pango": "B.1.1.7",
        "clade_display": "20I (Alpha)",
        "clade_nextstrain": "20I",
        "clade_who": "Alpha",
        "partiallyAliased": "B.1.1.7"
      },
      "nearestNodeId": 2346,
      "isReverseComplement": false,
      "phenotypeValues": null,
      "aaMotifs": {},
      "aaMotifsChanges": {}
    }
  ],
  "errors": []
}